<?xml version="1.0" encoding="UTF-8"?>
<project xsi:schemaLocation="http://maven.apache.org/POM/4.0.0 https://maven.apache.org/xsd/maven-4.0.0.xsd" xmlns="http://maven.apache.org/POM/4.0.0"
    xmlns:xsi="http://www.w3.org/2001/XMLSchema-instance">
  <modelVersion>4.0.0</modelVersion>
  <groupId>dk.sdu.mmmi.PaxAteroids.build</groupId>
  <artifactId>deployment</artifactId>
  <version>1.0-SNAPSHOT</version>
  <packaging>pom</packaging>
  <name>PaxAsteroids (OSGi project)</name>
  <description>Generated using Pax-Construct</description>
  <properties>
    <org.osgi.service.http.port>8080</org.osgi.service.http.port>
    <org.osgi.service.http.port.secure>8443</org.osgi.service.http.port.secure>
    <maven.compiler.source>1.8</maven.compiler.source>
    <maven.compiler.target>1.8</maven.compiler.target>
  </properties>
  <dependencies>
    <dependency>
      <groupId>org.apache.felix</groupId>
      <artifactId>org.apache.felix.scr</artifactId>
      <version>1.8.0</version>
      <scope>provided</scope>
    </dependency>
    <dependency>
      <groupId>dk.sdu.mmmi.build</groupId>
      <artifactId>OSGiCommon</artifactId>
      <version>1.0-SNAPSHOT</version>
      <type>bundle</type>
      <scope>provided</scope>
    </dependency>
    <dependency>
      <groupId>dk.sdu.mmmi.build</groupId>
      <artifactId>OSGiLibGDX</artifactId>
      <version>1.0-SNAPSHOT</version>
      <type>bundle</type>
      <scope>provided</scope>
    </dependency>
    <dependency>
      <groupId>org.osgi</groupId>
      <artifactId>org.osgi.core</artifactId>
      <version>4.3.0</version>
      <scope>provided</scope>
    </dependency>
    <dependency>
      <groupId>com.diffplug.osgi</groupId>
      <artifactId>com.diffplug.osgi.extension.sun.misc</artifactId>
      <version>0.0.0</version>
      <scope>provided</scope>
    </dependency>
    <dependency>
      <groupId>com.diffplug.osgi</groupId>
      <artifactId>com.diffplug.osgi.extension.sun.reflect</artifactId>
      <version>0.0.0</version>
      <scope>provided</scope>
    </dependency>
    <dependency>
      <groupId>dk.sdu.mmmi.build</groupId>
      <artifactId>OSGiCore</artifactId>
      <version>1.0-SNAPSHOT</version>
      <type>bundle</type>
      <scope>provided</scope>
    </dependency>
    <dependency>
      <groupId>dk.sdu.mmmi.build</groupId>
      <artifactId>OSGiCommon</artifactId>
      <version>1.0-SNAPSHOT</version>
      <scope>provided</scope>
    </dependency>
    <dependency>
      <groupId>dk.sdu.mmmi.build</groupId>
      <artifactId>OSGiLibGDX</artifactId>
      <version>1.0-SNAPSHOT</version>
      <scope>provided</scope>
    </dependency>
    <dependency>
      <groupId>dk.sdu.mmmi.build</groupId>
      <artifactId>OSGiCommonAsteroids</artifactId>
      <version>1.0-SNAPSHOT</version>
      <type>bundle</type>
      <scope>provided</scope>
    </dependency>
    <dependency>
      <groupId>dk.sdu.mmmi.build</groupId>
      <artifactId>OSGiCommonBullet</artifactId>
      <version>1.0-SNAPSHOT</version>
      <type>bundle</type>
      <scope>provided</scope>
    </dependency>
    <dependency>
      <groupId>dk.sdu.mmmi.build</groupId>
      <artifactId>OSGiCommonEnemy</artifactId>
      <version>1.0-SNAPSHOT</version>
      <type>bundle</type>
      <scope>provided</scope>
    </dependency>
    <dependency>
      <groupId>dk.sdu.mmmi.build</groupId>
      <artifactId>OSGiEnemy</artifactId>
      <version>1.0-SNAPSHOT</version>
      <type>bundle</type>
      <scope>provided</scope>
    </dependency>
    <dependency>
      <groupId>dk.sdu.mmmi.build</groupId>
      <artifactId>OSGiCommonEnemy</artifactId>
      <version>1.0-SNAPSHOT</version>
      <scope>provided</scope>
    </dependency>
    <dependency>
      <groupId>dk.sdu.mmmi.build</groupId>
      <artifactId>OSGiCommonBullet</artifactId>
      <version>1.0-SNAPSHOT</version>
      <scope>provided</scope>
    </dependency>
  </dependencies>
  <repositories>
    <repository>
      <snapshots>
        <enabled>false</enabled>
      </snapshots>
      <id>central</id>
      <name>Central Repository</name>
      <url>https://repo.maven.apache.org/maven2</url>
    </repository>
  </repositories>
</project>
